測量年,2021
修正年,
東西方向の点数,2000
南北方向の点数,1500
東西方向のデータ間隔,0.5
南北方向のデータ間隔,0.5
区画左下の緯度,351635.199
区画左下の経度,1393648.540
区画右下の緯度,351635.269
区画右下の経度,1393728.112
区画右上の緯度,351659.608
区画右上の経度,1393728.050
区画左上の緯度,351659.538
区画左上の経度,1393648.474
図名,09md6531
記録レコード数,1500
平面直角座標系番号,9
区画左下X座標,-8025000
区画左下Y座標,-2000000
区画右上X座標,-7950000
区画右上Y座標,-1900000
コメント,
レコード1のフラグ,1
レコード2のフラグ,1
レコード3のフラグ,1
レコード4のフラグ,1
レコード5のフラグ,1
レコード6のフラグ,1
レコード7のフラグ,1
レコード8のフラグ,1
レコード9のフラグ,1
レコード10のフラグ,1
レコード11のフラグ,1
レコード12のフラグ,1
レコード13のフラグ,1
レコード14のフラグ,1
レコード15のフラグ,1
レコード16のフラグ,1
レコード17のフラグ,1
レコード18のフラグ,1
レコード19のフラグ,1
レコード20のフラグ,1
レコード21のフラグ,1
レコード22のフラグ,1
レコード23のフラグ,1
レコード24のフラグ,1
レコード25のフラグ,1
レコード26のフラグ,1
レコード27のフラグ,1
レコード28のフラグ,1
レコード29のフラグ,1
レコード30のフラグ,1
レコード31のフラグ,1
レコード32のフラグ,1
レコード33のフラグ,1
レコード34のフラグ,1
レコード35のフラグ,1
レコード36のフラグ,1
レコード37のフラグ,1
レコード38のフラグ,1
レコード39のフラグ,1
レコード40のフラグ,1
レコード41のフラグ,1
レコード42のフラグ,1
レコード43のフラグ,1
レコード44のフラグ,1
レコード45のフラグ,1
レコード46のフラグ,1
レコード47のフラグ,1
レコード48のフラグ,1
レコード49のフラグ,1
レコード50のフラグ,1
レコード51のフラグ,1
レコード52のフラグ,1
レコード53のフラグ,1
レコード54のフラグ,1
レコード55のフラグ,1
レコード56のフラグ,1
レコード57のフラグ,1
レコード58のフラグ,1
レコード59のフラグ,1
レコード60のフラグ,1
レコード61のフラグ,1
レコード62のフラグ,1
レコード63のフラグ,1
レコード64のフラグ,1
レコード65のフラグ,1
レコード66のフラグ,1
レコード67のフラグ,1
レコード68のフラグ,1
レコード69のフラグ,1
レコード70のフラグ,1
レコード71のフラグ,1
レコード72のフラグ,1
レコード73のフラグ,1
レコード74のフラグ,1
レコード75のフラグ,1
レコード76のフラグ,1
レコード77のフラグ,1
レコード78のフラグ,1
レコード79のフラグ,1
レコード80のフラグ,1
レコード81のフラグ,1
レコード82のフラグ,1
レコード83のフラグ,1
レコード84のフラグ,1
レコード85のフラグ,1
レコード86のフラグ,1
レコード87のフラグ,1
レコード88のフラグ,1
レコード89のフラグ,1
レコード90のフラグ,1
レコード91のフラグ,1
レコード92のフラグ,1
レコード93のフラグ,1
レコード94のフラグ,1
レコード95のフラグ,1
レコード96のフラグ,1
レコード97のフラグ,1
レコード98のフラグ,1
レコード99のフラグ,1
レコード100のフラグ,1
レコード101のフラグ,1
レコード102のフラグ,1
レコード103のフラグ,1
レコード104のフラグ,1
レコード105のフラグ,1
レコード106のフラグ,1
レコード107のフラグ,1
レコード108のフラグ,1
レコード109のフラグ,1
レコード110のフラグ,1
レコード111のフラグ,1
レコード112のフラグ,1
レコード113のフラグ,1
レコード114のフラグ,1
レコード115のフラグ,1
レコード116のフラグ,1
レコード117のフラグ,1
レコード118のフラグ,1
レコード119のフラグ,1
レコード120のフラグ,1
レコード121のフラグ,1
レコード122のフラグ,1
レコード123のフラグ,1
レコード124のフラグ,1
レコード125のフラグ,1
レコード126のフラグ,1
レコード127のフラグ,1
レコード128のフラグ,1
レコード129のフラグ,1
レコード130のフラグ,1
レコード131のフラグ,1
レコード132のフラグ,1
レコード133のフラグ,1
レコード134のフラグ,1
レコード135のフラグ,1
レコード136のフラグ,1
レコード137のフラグ,1
レコード138のフラグ,1
レコード139のフラグ,1
レコード140のフラグ,1
レコード141のフラグ,1
レコード142のフラグ,1
レコード143のフラグ,1
レコード144のフラグ,1
レコード145のフラグ,1
レコード146のフラグ,1
レコード147のフラグ,1
レコード148のフラグ,1
レコード149のフラグ,1
レコード150のフラグ,1
レコード151のフラグ,1
レコード152のフラグ,1
レコード153のフラグ,1
レコード154のフラグ,1
レコード155のフラグ,1
レコード156のフラグ,1
レコード157のフラグ,1
レコード158のフラグ,1
レコード159のフラグ,1
レコード160のフラグ,1
レコード161のフラグ,1
レコード162のフラグ,1
レコード163のフラグ,1
レコード164のフラグ,1
レコード165のフラグ,1
レコード166のフラグ,1
レコード167のフラグ,1
レコード168のフラグ,1
レコード169のフラグ,1
レコード170のフラグ,1
レコード171のフラグ,1
レコード172のフラグ,1
レコード173のフラグ,1
レコード174のフラグ,1
レコード175のフラグ,1
レコード176のフラグ,1
レコード177のフラグ,1
レコード178のフラグ,1
レコード179のフラグ,1
レコード180のフラグ,1
レコード181のフラグ,1
レコード182のフラグ,1
レコード183のフラグ,1
レコード184のフラグ,1
レコード185のフラグ,1
レコード186のフラグ,1
レコード187のフラグ,1
レコード188のフラグ,1
レコード189のフラグ,1
レコード190のフラグ,1
レコード191のフラグ,1
レコード192のフラグ,1
レコード193のフラグ,1
レコード194のフラグ,1
レコード195のフラグ,1
レコード196のフラグ,1
レコード197のフラグ,1
レコード198のフラグ,1
レコード199のフラグ,1
レコード200のフラグ,1
レコード201のフラグ,1
レコード202のフラグ,1
レコード203のフラグ,1
レコード204のフラグ,1
レコード205のフラグ,1
レコード206のフラグ,1
レコード207のフラグ,1
レコード208のフラグ,1
レコード209のフラグ,1
レコード210のフラグ,1
レコード211のフラグ,1
レコード212のフラグ,1
レコード213のフラグ,1
レコード214のフラグ,1
レコード215のフラグ,1
レコード216のフラグ,1
レコード217のフラグ,1
レコード218のフラグ,1
レコード219のフラグ,1
レコード220のフラグ,1
レコード221のフラグ,1
レコード222のフラグ,1
レコード223のフラグ,1
レコード224のフラグ,1
レコード225のフラグ,1
レコード226のフラグ,1
レコード227のフラグ,1
レコード228のフラグ,1
レコード229のフラグ,1
レコード230のフラグ,1
レコード231のフラグ,1
レコード232のフラグ,1
レコード233のフラグ,1
レコード234のフラグ,1
レコード235のフラグ,1
レコード236のフラグ,1
レコード237のフラグ,1
レコード238のフラグ,1
レコード239のフラグ,1
レコード240のフラグ,1
レコード241のフラグ,1
レコード242のフラグ,1
レコード243のフラグ,1
レコード244のフラグ,1
レコード245のフラグ,1
レコード246のフラグ,1
レコード247のフラグ,1
レコード248のフラグ,1
レコード249のフラグ,1
レコード250のフラグ,1
レコード251のフラグ,1
レコード252のフラグ,1
レコード253のフラグ,1
レコード254のフラグ,1
レコード255のフラグ,1
レコード256のフラグ,1
レコード257のフラグ,1
レコード258のフラグ,1
レコード259のフラグ,1
レコード260のフラグ,1
レコード261のフラグ,1
レコード262のフラグ,1
レコード263のフラグ,1
レコード264のフラグ,1
レコード265のフラグ,1
レコード266のフラグ,1
レコード267のフラグ,1
レコード268のフラグ,1
レコード269のフラグ,1
レコード270のフラグ,1
レコード271のフラグ,1
レコード272のフラグ,1
レコード273のフラグ,1
レコード274のフラグ,1
レコード275のフラグ,1
レコード276のフラグ,1
レコード277のフラグ,1
レコード278のフラグ,1
レコード279のフラグ,1
レコード280のフラグ,1
レコード281のフラグ,1
レコード282のフラグ,1
レコード283のフラグ,1
レコード284のフラグ,1
レコード285のフラグ,1
レコード286のフラグ,1
レコード287のフラグ,1
レコード288のフラグ,1
レコード289のフラグ,1
レコード290のフラグ,1
レコード291のフラグ,1
レコード292のフラグ,1
レコード293のフラグ,1
レコード294のフラグ,1
レコード295のフラグ,1
レコード296のフラグ,1
レコード297のフラグ,1
レコード298のフラグ,1
レコード299のフラグ,1
レコード300のフラグ,1
レコード301のフラグ,1
レコード302のフラグ,1
レコード303のフラグ,1
レコード304のフラグ,1
レコード305のフラグ,1
レコード306のフラグ,1
レコード307のフラグ,1
レコード308のフラグ,1
レコード309のフラグ,1
レコード310のフラグ,1
レコード311のフラグ,1
レコード312のフラグ,1
レコード313のフラグ,1
レコード314のフラグ,1
レコード315のフラグ,1
レコード316のフラグ,1
レコード317のフラグ,1
レコード318のフラグ,1
レコード319のフラグ,1
レコード320のフラグ,1
レコード321のフラグ,1
レコード322のフラグ,1
レコード323のフラグ,1
レコード324のフラグ,1
レコード325のフラグ,1
レコード326のフラグ,1
レコード327のフラグ,1
レコード328のフラグ,1
レコード329のフラグ,1
レコード330のフラグ,1
レコード331のフラグ,1
レコード332のフラグ,1
レコード333のフラグ,1
レコード334のフラグ,1
レコード335のフラグ,1
レコード336のフラグ,1
レコード337のフラグ,1
レコード338のフラグ,1
レコード339のフラグ,1
レコード340のフラグ,1
レコード341のフラグ,1
レコード342のフラグ,1
レコード343のフラグ,1
レコード344のフラグ,1
レコード345のフラグ,1
レコード346のフラグ,1
レコード347のフラグ,1
レコード348のフラグ,1
レコード349のフラグ,1
レコード350のフラグ,1
レコード351のフラグ,1
レコード352のフラグ,1
レコード353のフラグ,1
レコード354のフラグ,1
レコード355のフラグ,1
レコード356のフラグ,1
レコード357のフラグ,1
レコード358のフラグ,1
レコード359のフラグ,1
レコード360のフラグ,1
レコード361のフラグ,1
レコード362のフラグ,1
レコード363のフラグ,1
レコード364のフラグ,1
レコード365のフラグ,1
レコード366のフラグ,1
レコード367のフラグ,1
レコード368のフラグ,1
レコード369のフラグ,1
レコード370のフラグ,1
レコード371のフラグ,1
レコード372のフラグ,1
レコード373のフラグ,1
レコード374のフラグ,1
レコード375のフラグ,1
レコード376のフラグ,1
レコード377のフラグ,1
レコード378のフラグ,1
レコード379のフラグ,1
レコード380のフラグ,1
レコード381のフラグ,1
レコード382のフラグ,1
レコード383のフラグ,1
レコード384のフラグ,1
レコード385のフラグ,1
レコード386のフラグ,1
レコード387のフラグ,1
レコード388のフラグ,1
レコード389のフラグ,1
レコード390のフラグ,1
レコード391のフラグ,1
レコード392のフラグ,1
レコード393のフラグ,1
レコード394のフラグ,1
レコード395のフラグ,1
レコード396のフラグ,1
レコード397のフラグ,1
レコード398のフラグ,1
レコード399のフラグ,1
レコード400のフラグ,1
レコード401のフラグ,1
レコード402のフラグ,1
レコード403のフラグ,1
レコード404のフラグ,1
レコード405のフラグ,1
レコード406のフラグ,1
レコード407のフラグ,1
レコード408のフラグ,1
レコード409のフラグ,1
レコード410のフラグ,1
レコード411のフラグ,1
レコード412のフラグ,1
レコード413のフラグ,1
レコード414のフラグ,1
レコード415のフラグ,1
レコード416のフラグ,1
レコード417のフラグ,1
レコード418のフラグ,1
レコード419のフラグ,1
レコード420のフラグ,1
レコード421のフラグ,1
レコード422のフラグ,1
レコード423のフラグ,1
レコード424のフラグ,1
レコード425のフラグ,1
レコード426のフラグ,1
レコード427のフラグ,1
レコード428のフラグ,1
レコード429のフラグ,1
レコード430のフラグ,1
レコード431のフラグ,1
レコード432のフラグ,1
レコード433のフラグ,1
レコード434のフラグ,1
レコード435のフラグ,1
レコード436のフラグ,1
レコード437のフラグ,1
レコード438のフラグ,1
レコード439のフラグ,1
レコード440のフラグ,1
レコード441のフラグ,1
レコード442のフラグ,1
レコード443のフラグ,1
レコード444のフラグ,1
レコード445のフラグ,1
レコード446のフラグ,1
レコード447のフラグ,1
レコード448のフラグ,1
レコード449のフラグ,1
レコード450のフラグ,1
レコード451のフラグ,1
レコード452のフラグ,1
レコード453のフラグ,1
レコード454のフラグ,1
レコード455のフラグ,1
レコード456のフラグ,1
レコード457のフラグ,1
レコード458のフラグ,1
レコード459のフラグ,1
レコード460のフラグ,1
レコード461のフラグ,1
レコード462のフラグ,1
レコード463のフラグ,1
レコード464のフラグ,1
レコード465のフラグ,1
レコード466のフラグ,1
レコード467のフラグ,1
レコード468のフラグ,1
レコード469のフラグ,1
レコード470のフラグ,1
レコード471のフラグ,1
レコード472のフラグ,1
レコード473のフラグ,1
レコード474のフラグ,1
レコード475のフラグ,1
レコード476のフラグ,1
レコード477のフラグ,1
レコード478のフラグ,1
レコード479のフラグ,1
レコード480のフラグ,1
レコード481のフラグ,1
レコード482のフラグ,1
レコード483のフラグ,1
レコード484のフラグ,1
レコード485のフラグ,1
レコード486のフラグ,1
レコード487のフラグ,1
レコード488のフラグ,1
レコード489のフラグ,1
レコード490のフラグ,1
レコード491のフラグ,1
レコード492のフラグ,1
レコード493のフラグ,1
レコード494のフラグ,1
レコード495のフラグ,1
レコード496のフラグ,1
レコード497のフラグ,1
レコード498のフラグ,1
レコード499のフラグ,1
レコード500のフラグ,1
レコード501のフラグ,1
レコード502のフラグ,1
レコード503のフラグ,1
レコード504のフラグ,1
レコード505のフラグ,1
レコード506のフラグ,1
レコード507のフラグ,1
レコード508のフラグ,1
レコード509のフラグ,1
レコード510のフラグ,1
レコード511のフラグ,1
レコード512のフラグ,1
レコード513のフラグ,1
レコード514のフラグ,1
レコード515のフラグ,1
レコード516のフラグ,1
レコード517のフラグ,1
レコード518のフラグ,1
レコード519のフラグ,1
レコード520のフラグ,1
レコード521のフラグ,1
レコード522のフラグ,1
レコード523のフラグ,1
レコード524のフラグ,1
レコード525のフラグ,1
レコード526のフラグ,1
レコード527のフラグ,1
レコード528のフラグ,1
レコード529のフラグ,1
レコード530のフラグ,1
レコード531のフラグ,1
レコード532のフラグ,1
レコード533のフラグ,1
レコード534のフラグ,1
レコード535のフラグ,1
レコード536のフラグ,1
レコード537のフラグ,1
レコード538のフラグ,1
レコード539のフラグ,1
レコード540のフラグ,1
レコード541のフラグ,1
レコード542のフラグ,1
レコード543のフラグ,1
レコード544のフラグ,1
レコード545のフラグ,1
レコード546のフラグ,1
レコード547のフラグ,1
レコード548のフラグ,1
レコード549のフラグ,1
レコード550のフラグ,1
レコード551のフラグ,1
レコード552のフラグ,1
レコード553のフラグ,1
レコード554のフラグ,1
レコード555のフラグ,1
レコード556のフラグ,1
レコード557のフラグ,1
レコード558のフラグ,1
レコード559のフラグ,1
レコード560のフラグ,1
レコード561のフラグ,1
レコード562のフラグ,1
レコード563のフラグ,1
レコード564のフラグ,1
レコード565のフラグ,1
レコード566のフラグ,1
レコード567のフラグ,1
レコード568のフラグ,1
レコード569のフラグ,1
レコード570のフラグ,1
レコード571のフラグ,1
レコード572のフラグ,1
レコード573のフラグ,1
レコード574のフラグ,1
レコード575のフラグ,1
レコード576のフラグ,1
レコード577のフラグ,1
レコード578のフラグ,1
レコード579のフラグ,1
レコード580のフラグ,1
レコード581のフラグ,1
レコード582のフラグ,1
レコード583のフラグ,1
レコード584のフラグ,1
レコード585のフラグ,1
レコード586のフラグ,1
レコード587のフラグ,1
レコード588のフラグ,1
レコード589のフラグ,1
レコード590のフラグ,1
レコード591のフラグ,1
レコード592のフラグ,1
レコード593のフラグ,1
レコード594のフラグ,1
レコード595のフラグ,1
レコード596のフラグ,1
レコード597のフラグ,1
レコード598のフラグ,1
レコード599のフラグ,1
レコード600のフラグ,1
レコード601のフラグ,1
レコード602のフラグ,1
レコード603のフラグ,1
レコード604のフラグ,1
レコード605のフラグ,1
レコード606のフラグ,1
レコード607のフラグ,1
レコード608のフラグ,1
レコード609のフラグ,1
レコード610のフラグ,1
レコード611のフラグ,1
レコード612のフラグ,1
レコード613のフラグ,1
レコード614のフラグ,1
レコード615のフラグ,1
レコード616のフラグ,1
レコード617のフラグ,1
レコード618のフラグ,1
レコード619のフラグ,1
レコード620のフラグ,1
レコード621のフラグ,1
レコード622のフラグ,1
レコード623のフラグ,1
レコード624のフラグ,1
レコード625のフラグ,1
レコード626のフラグ,1
レコード627のフラグ,1
レコード628のフラグ,1
レコード629のフラグ,1
レコード630のフラグ,1
レコード631のフラグ,1
レコード632のフラグ,1
レコード633のフラグ,1
レコード634のフラグ,1
レコード635のフラグ,1
レコード636のフラグ,1
レコード637のフラグ,1
レコード638のフラグ,1
レコード639のフラグ,1
レコード640のフラグ,1
レコード641のフラグ,1
レコード642のフラグ,1
レコード643のフラグ,1
レコード644のフラグ,1
レコード645のフラグ,1
レコード646のフラグ,1
レコード647のフラグ,1
レコード648のフラグ,1
レコード649のフラグ,1
レコード650のフラグ,1
レコード651のフラグ,1
レコード652のフラグ,1
レコード653のフラグ,1
レコード654のフラグ,1
レコード655のフラグ,1
レコード656のフラグ,1
レコード657のフラグ,1
レコード658のフラグ,1
レコード659のフラグ,1
レコード660のフラグ,1
レコード661のフラグ,1
レコード662のフラグ,1
レコード663のフラグ,1
レコード664のフラグ,1
レコード665のフラグ,1
レコード666のフラグ,1
レコード667のフラグ,1
レコード668のフラグ,1
レコード669のフラグ,1
レコード670のフラグ,1
レコード671のフラグ,1
レコード672のフラグ,1
レコード673のフラグ,1
レコード674のフラグ,1
レコード675のフラグ,1
レコード676のフラグ,1
レコード677のフラグ,1
レコード678のフラグ,1
レコード679のフラグ,1
レコード680のフラグ,1
レコード681のフラグ,1
レコード682のフラグ,1
レコード683のフラグ,1
レコード684のフラグ,1
レコード685のフラグ,1
レコード686のフラグ,1
レコード687のフラグ,1
レコード688のフラグ,1
レコード689のフラグ,1
レコード690のフラグ,1
レコード691のフラグ,1
レコード692のフラグ,1
レコード693のフラグ,1
レコード694のフラグ,1
レコード695のフラグ,1
レコード696のフラグ,1
レコード697のフラグ,1
レコード698のフラグ,1
レコード699のフラグ,1
レコード700のフラグ,1
レコード701のフラグ,1
レコード702のフラグ,1
レコード703のフラグ,1
レコード704のフラグ,1
レコード705のフラグ,1
レコード706のフラグ,1
レコード707のフラグ,1
レコード708のフラグ,1
レコード709のフラグ,1
レコード710のフラグ,1
レコード711のフラグ,1
レコード712のフラグ,1
レコード713のフラグ,1
レコード714のフラグ,1
レコード715のフラグ,1
レコード716のフラグ,1
レコード717のフラグ,1
レコード718のフラグ,1
レコード719のフラグ,1
レコード720のフラグ,1
レコード721のフラグ,1
レコード722のフラグ,1
レコード723のフラグ,1
レコード724のフラグ,1
レコード725のフラグ,1
レコード726のフラグ,1
レコード727のフラグ,1
レコード728のフラグ,1
レコード729のフラグ,1
レコード730のフラグ,1
レコード731のフラグ,1
レコード732のフラグ,1
レコード733のフラグ,1
レコード734のフラグ,1
レコード735のフラグ,1
レコード736のフラグ,1
レコード737のフラグ,1
レコード738のフラグ,1
レコード739のフラグ,1
レコード740のフラグ,1
レコード741のフラグ,1
レコード742のフラグ,1
レコード743のフラグ,1
レコード744のフラグ,1
レコード745のフラグ,1
レコード746のフラグ,1
レコード747のフラグ,1
レコード748のフラグ,1
レコード749のフラグ,1
レコード750のフラグ,1
レコード751のフラグ,1
レコード752のフラグ,1
レコード753のフラグ,1
レコード754のフラグ,1
レコード755のフラグ,1
レコード756のフラグ,1
レコード757のフラグ,1
レコード758のフラグ,1
レコード759のフラグ,1
レコード760のフラグ,1
レコード761のフラグ,1
レコード762のフラグ,1
レコード763のフラグ,1
レコード764のフラグ,1
レコード765のフラグ,1
レコード766のフラグ,1
レコード767のフラグ,1
レコード768のフラグ,1
レコード769のフラグ,1
レコード770のフラグ,1
レコード771のフラグ,1
レコード772のフラグ,1
レコード773のフラグ,1
レコード774のフラグ,1
レコード775のフラグ,1
レコード776のフラグ,1
レコード777のフラグ,1
レコード778のフラグ,1
レコード779のフラグ,1
レコード780のフラグ,1
レコード781のフラグ,1
レコード782のフラグ,1
レコード783のフラグ,1
レコード784のフラグ,1
レコード785のフラグ,1
レコード786のフラグ,1
レコード787のフラグ,1
レコード788のフラグ,1
レコード789のフラグ,1
レコード790のフラグ,1
レコード791のフラグ,1
レコード792のフラグ,1
レコード793のフラグ,1
レコード794のフラグ,1
レコード795のフラグ,1
レコード796のフラグ,1
レコード797のフラグ,1
レコード798のフラグ,1
レコード799のフラグ,1
レコード800のフラグ,1
レコード801のフラグ,1
レコード802のフラグ,1
レコード803のフラグ,1
レコード804のフラグ,1
レコード805のフラグ,1
レコード806のフラグ,1
レコード807のフラグ,1
レコード808のフラグ,1
レコード809のフラグ,1
レコード810のフラグ,1
レコード811のフラグ,1
レコード812のフラグ,1
レコード813のフラグ,1
レコード814のフラグ,1
レコード815のフラグ,1
レコード816のフラグ,1
レコード817のフラグ,1
レコード818のフラグ,1
レコード819のフラグ,1
レコード820のフラグ,1
レコード821のフラグ,1
レコード822のフラグ,1
レコード823のフラグ,1
レコード824のフラグ,1
レコード825のフラグ,1
レコード826のフラグ,1
レコード827のフラグ,1
レコード828のフラグ,1
レコード829のフラグ,1
レコード830のフラグ,1
レコード831のフラグ,1
レコード832のフラグ,1
レコード833のフラグ,1
レコード834のフラグ,1
レコード835のフラグ,1
レコード836のフラグ,1
レコード837のフラグ,1
レコード838のフラグ,1
レコード839のフラグ,1
レコード840のフラグ,1
レコード841のフラグ,1
レコード842のフラグ,1
レコード843のフラグ,1
レコード844のフラグ,1
レコード845のフラグ,1
レコード846のフラグ,1
レコード847のフラグ,1
レコード848のフラグ,1
レコード849のフラグ,1
レコード850のフラグ,1
レコード851のフラグ,1
レコード852のフラグ,1
レコード853のフラグ,1
レコード854のフラグ,1
レコード855のフラグ,1
レコード856のフラグ,1
レコード857のフラグ,1
レコード858のフラグ,1
レコード859のフラグ,1
レコード860のフラグ,1
レコード861のフラグ,1
レコード862のフラグ,1
レコード863のフラグ,1
レコード864のフラグ,1
レコード865のフラグ,1
レコード866のフラグ,1
レコード867のフラグ,1
レコード868のフラグ,1
レコード869のフラグ,1
レコード870のフラグ,1
レコード871のフラグ,1
レコード872のフラグ,1
レコード873のフラグ,1
レコード874のフラグ,1
レコード875のフラグ,1
レコード876のフラグ,1
レコード877のフラグ,1
レコード878のフラグ,1
レコード879のフラグ,1
レコード880のフラグ,1
レコード881のフラグ,1
レコード882のフラグ,1
レコード883のフラグ,1
レコード884のフラグ,1
レコード885のフラグ,1
レコード886のフラグ,1
レコード887のフラグ,1
レコード888のフラグ,1
レコード889のフラグ,1
レコード890のフラグ,1
レコード891のフラグ,1
レコード892のフラグ,1
レコード893のフラグ,1
レコード894のフラグ,1
レコード895のフラグ,1
レコード896のフラグ,1
レコード897のフラグ,1
レコード898のフラグ,1
レコード899のフラグ,1
レコード900のフラグ,1
レコード901のフラグ,1
レコード902のフラグ,1
レコード903のフラグ,1
レコード904のフラグ,1
レコード905のフラグ,1
レコード906のフラグ,1
レコード907のフラグ,1
レコード908のフラグ,1
レコード909のフラグ,1
レコード910のフラグ,1
レコード911のフラグ,1
レコード912のフラグ,1
レコード913のフラグ,1
レコード914のフラグ,1
レコード915のフラグ,1
レコード916のフラグ,1
レコード917のフラグ,1
レコード918のフラグ,1
レコード919のフラグ,1
レコード920のフラグ,1
レコード921のフラグ,1
レコード922のフラグ,1
レコード923のフラグ,1
レコード924のフラグ,1
レコード925のフラグ,1
レコード926のフラグ,1
レコード927のフラグ,1
レコード928のフラグ,1
レコード929のフラグ,1
レコード930のフラグ,1
レコード931のフラグ,1
レコード932のフラグ,1
レコード933のフラグ,1
レコード934のフラグ,1
レコード935のフラグ,1
レコード936のフラグ,1
レコード937のフラグ,1
レコード938のフラグ,1
レコード939のフラグ,1
レコード940のフラグ,1
レコード941のフラグ,1
レコード942のフラグ,1
レコード943のフラグ,1
レコード944のフラグ,1
レコード945のフラグ,1
レコード946のフラグ,1
レコード947のフラグ,1
レコード948のフラグ,1
レコード949のフラグ,1
レコード950のフラグ,1
レコード951のフラグ,1
レコード952のフラグ,1
レコード953のフラグ,1
レコード954のフラグ,1
レコード955のフラグ,1
レコード956のフラグ,1
レコード957のフラグ,1
レコード958のフラグ,1
レコード959のフラグ,1
レコード960のフラグ,1
レコード961のフラグ,1
レコード962のフラグ,1
レコード963のフラグ,1
レコード964のフラグ,1
レコード965のフラグ,1
レコード966のフラグ,1
レコード967のフラグ,1
レコード968のフラグ,1
レコード969のフラグ,1
レコード970のフラグ,1
レコード971のフラグ,1
レコード972のフラグ,1
レコード973のフラグ,1
レコード974のフラグ,1
レコード975のフラグ,1
レコード976のフラグ,1
レコード977のフラグ,1
レコード978のフラグ,1
レコード979のフラグ,1
レコード980のフラグ,1
レコード981のフラグ,1
レコード982のフラグ,1
レコード983のフラグ,1
レコード984のフラグ,1
レコード985のフラグ,1
レコード986のフラグ,1
レコード987のフラグ,1
レコード988のフラグ,1
レコード989のフラグ,1
レコード990のフラグ,1
レコード991のフラグ,1
レコード992のフラグ,1
レコード993のフラグ,1
レコード994のフラグ,1
レコード995のフラグ,1
レコード996のフラグ,1
レコード997のフラグ,1
レコード998のフラグ,1
レコード999のフラグ,1
レコード1000のフラグ,1
レコード1001のフラグ,1
レコード1002のフラグ,1
レコード1003のフラグ,1
レコード1004のフラグ,1
レコード1005のフラグ,1
レコード1006のフラグ,1
レコード1007のフラグ,1
レコード1008のフラグ,1
レコード1009のフラグ,1
レコード1010のフラグ,1
レコード1011のフラグ,1
レコード1012のフラグ,1
レコード1013のフラグ,1
レコード1014のフラグ,1
レコード1015のフラグ,1
レコード1016のフラグ,1
レコード1017のフラグ,1
レコード1018のフラグ,1
レコード1019のフラグ,1
レコード1020のフラグ,1
レコード1021のフラグ,1
レコード1022のフラグ,1
レコード1023のフラグ,1
レコード1024のフラグ,1
レコード1025のフラグ,1
レコード1026のフラグ,1
レコード1027のフラグ,1
レコード1028のフラグ,1
レコード1029のフラグ,1
レコード1030のフラグ,1
レコード1031のフラグ,1
レコード1032のフラグ,1
レコード1033のフラグ,1
レコード1034のフラグ,1
レコード1035のフラグ,1
レコード1036のフラグ,1
レコード1037のフラグ,1
レコード1038のフラグ,1
レコード1039のフラグ,1
レコード1040のフラグ,1
レコード1041のフラグ,1
レコード1042のフラグ,1
レコード1043のフラグ,1
レコード1044のフラグ,1
レコード1045のフラグ,1
レコード1046のフラグ,1
レコード1047のフラグ,1
レコード1048のフラグ,1
レコード1049のフラグ,1
レコード1050のフラグ,1
レコード1051のフラグ,1
レコード1052のフラグ,1
レコード1053のフラグ,1
レコード1054のフラグ,1
レコード1055のフラグ,1
レコード1056のフラグ,1
レコード1057のフラグ,1
レコード1058のフラグ,1
レコード1059のフラグ,1
レコード1060のフラグ,1
レコード1061のフラグ,1
レコード1062のフラグ,1
レコード1063のフラグ,1
レコード1064のフラグ,1
レコード1065のフラグ,1
レコード1066のフラグ,1
レコード1067のフラグ,1
レコード1068のフラグ,1
レコード1069のフラグ,1
レコード1070のフラグ,1
レコード1071のフラグ,1
レコード1072のフラグ,1
レコード1073のフラグ,1
レコード1074のフラグ,1
レコード1075のフラグ,1
レコード1076のフラグ,1
レコード1077のフラグ,1
レコード1078のフラグ,1
レコード1079のフラグ,1
レコード1080のフラグ,1
レコード1081のフラグ,1
レコード1082のフラグ,1
レコード1083のフラグ,1
レコード1084のフラグ,1
レコード1085のフラグ,1
レコード1086のフラグ,1
レコード1087のフラグ,1
レコード1088のフラグ,1
レコード1089のフラグ,1
レコード1090のフラグ,1
レコード1091のフラグ,1
レコード1092のフラグ,1
レコード1093のフラグ,1
レコード1094のフラグ,1
レコード1095のフラグ,1
レコード1096のフラグ,1
レコード1097のフラグ,1
レコード1098のフラグ,1
レコード1099のフラグ,1
レコード1100のフラグ,1
レコード1101のフラグ,1
レコード1102のフラグ,1
レコード1103のフラグ,1
レコード1104のフラグ,1
レコード1105のフラグ,1
レコード1106のフラグ,1
レコード1107のフラグ,1
レコード1108のフラグ,1
レコード1109のフラグ,1
レコード1110のフラグ,1
レコード1111のフラグ,1
レコード1112のフラグ,1
レコード1113のフラグ,1
レコード1114のフラグ,1
レコード1115のフラグ,1
レコード1116のフラグ,1
レコード1117のフラグ,1
レコード1118のフラグ,1
レコード1119のフラグ,1
レコード1120のフラグ,1
レコード1121のフラグ,1
レコード1122のフラグ,1
レコード1123のフラグ,1
レコード1124のフラグ,1
レコード1125のフラグ,1
レコード1126のフラグ,1
レコード1127のフラグ,1
レコード1128のフラグ,1
レコード1129のフラグ,1
レコード1130のフラグ,1
レコード1131のフラグ,1
レコード1132のフラグ,1
レコード1133のフラグ,1
レコード1134のフラグ,1
レコード1135のフラグ,1
レコード1136のフラグ,1
レコード1137のフラグ,1
レコード1138のフラグ,1
レコード1139のフラグ,1
レコード1140のフラグ,1
レコード1141のフラグ,1
レコード1142のフラグ,1
レコード1143のフラグ,1
レコード1144のフラグ,1
レコード1145のフラグ,1
レコード1146のフラグ,1
レコード1147のフラグ,1
レコード1148のフラグ,1
レコード1149のフラグ,1
レコード1150のフラグ,1
レコード1151のフラグ,1
レコード1152のフラグ,1
レコード1153のフラグ,1
レコード1154のフラグ,1
レコード1155のフラグ,1
レコード1156のフラグ,1
レコード1157のフラグ,1
レコード1158のフラグ,1
レコード1159のフラグ,1
レコード1160のフラグ,1
レコード1161のフラグ,1
レコード1162のフラグ,1
レコード1163のフラグ,1
レコード1164のフラグ,1
レコード1165のフラグ,1
レコード1166のフラグ,1
レコード1167のフラグ,1
レコード1168のフラグ,1
レコード1169のフラグ,1
レコード1170のフラグ,1
レコード1171のフラグ,1
レコード1172のフラグ,1
レコード1173のフラグ,1
レコード1174のフラグ,1
レコード1175のフラグ,1
レコード1176のフラグ,1
レコード1177のフラグ,1
レコード1178のフラグ,1
レコード1179のフラグ,1
レコード1180のフラグ,1
レコード1181のフラグ,1
レコード1182のフラグ,1
レコード1183のフラグ,1
レコード1184のフラグ,1
レコード1185のフラグ,1
レコード1186のフラグ,1
レコード1187のフラグ,1
レコード1188のフラグ,1
レコード1189のフラグ,1
レコード1190のフラグ,1
レコード1191のフラグ,1
レコード1192のフラグ,1
レコード1193のフラグ,1
レコード1194のフラグ,1
レコード1195のフラグ,1
レコード1196のフラグ,1
レコード1197のフラグ,1
レコード1198のフラグ,1
レコード1199のフラグ,1
レコード1200のフラグ,1
レコード1201のフラグ,1
レコード1202のフラグ,1
レコード1203のフラグ,1
レコード1204のフラグ,1
レコード1205のフラグ,1
レコード1206のフラグ,1
レコード1207のフラグ,1
レコード1208のフラグ,1
レコード1209のフラグ,1
レコード1210のフラグ,1
レコード1211のフラグ,1
レコード1212のフラグ,1
レコード1213のフラグ,1
レコード1214のフラグ,1
レコード1215のフラグ,1
レコード1216のフラグ,1
レコード1217のフラグ,1
レコード1218のフラグ,1
レコード1219のフラグ,1
レコード1220のフラグ,1
レコード1221のフラグ,1
レコード1222のフラグ,1
レコード1223のフラグ,1
レコード1224のフラグ,1
レコード1225のフラグ,1
レコード1226のフラグ,1
レコード1227のフラグ,1
レコード1228のフラグ,1
レコード1229のフラグ,1
レコード1230のフラグ,1
レコード1231のフラグ,1
レコード1232のフラグ,1
レコード1233のフラグ,1
レコード1234のフラグ,1
レコード1235のフラグ,1
レコード1236のフラグ,1
レコード1237のフラグ,1
レコード1238のフラグ,1
レコード1239のフラグ,1
レコード1240のフラグ,1
レコード1241のフラグ,1
レコード1242のフラグ,1
レコード1243のフラグ,1
レコード1244のフラグ,1
レコード1245のフラグ,1
レコード1246のフラグ,1
レコード1247のフラグ,1
レコード1248のフラグ,1
レコード1249のフラグ,1
レコード1250のフラグ,1
レコード1251のフラグ,1
レコード1252のフラグ,1
レコード1253のフラグ,1
レコード1254のフラグ,1
レコード1255のフラグ,1
レコード1256のフラグ,1
レコード1257のフラグ,1
レコード1258のフラグ,1
レコード1259のフラグ,1
レコード1260のフラグ,1
レコード1261のフラグ,1
レコード1262のフラグ,1
レコード1263のフラグ,1
レコード1264のフラグ,1
レコード1265のフラグ,1
レコード1266のフラグ,1
レコード1267のフラグ,1
レコード1268のフラグ,1
レコード1269のフラグ,1
レコード1270のフラグ,1
レコード1271のフラグ,1
レコード1272のフラグ,1
レコード1273のフラグ,1
レコード1274のフラグ,1
レコード1275のフラグ,1
レコード1276のフラグ,1
レコード1277のフラグ,1
レコード1278のフラグ,1
レコード1279のフラグ,1
レコード1280のフラグ,1
レコード1281のフラグ,1
レコード1282のフラグ,1
レコード1283のフラグ,1
レコード1284のフラグ,1
レコード1285のフラグ,1
レコード1286のフラグ,1
レコード1287のフラグ,1
レコード1288のフラグ,1
レコード1289のフラグ,1
レコード1290のフラグ,1
レコード1291のフラグ,1
レコード1292のフラグ,1
レコード1293のフラグ,1
レコード1294のフラグ,1
レコード1295のフラグ,1
レコード1296のフラグ,1
レコード1297のフラグ,1
レコード1298のフラグ,1
レコード1299のフラグ,1
レコード1300のフラグ,1
レコード1301のフラグ,1
レコード1302のフラグ,1
レコード1303のフラグ,1
レコード1304のフラグ,1
レコード1305のフラグ,1
レコード1306のフラグ,1
レコード1307のフラグ,1
レコード1308のフラグ,1
レコード1309のフラグ,1
レコード1310のフラグ,1
レコード1311のフラグ,1
レコード1312のフラグ,1
レコード1313のフラグ,1
レコード1314のフラグ,1
レコード1315のフラグ,1
レコード1316のフラグ,1
レコード1317のフラグ,1
レコード1318のフラグ,1
レコード1319のフラグ,1
レコード1320のフラグ,1
レコード1321のフラグ,1
レコード1322のフラグ,1
レコード1323のフラグ,1
レコード1324のフラグ,1
レコード1325のフラグ,1
レコード1326のフラグ,1
レコード1327のフラグ,1
レコード1328のフラグ,1
レコード1329のフラグ,1
レコード1330のフラグ,1
レコード1331のフラグ,1
レコード1332のフラグ,1
レコード1333のフラグ,1
レコード1334のフラグ,1
レコード1335のフラグ,1
レコード1336のフラグ,1
レコード1337のフラグ,1
レコード1338のフラグ,1
レコード1339のフラグ,1
レコード1340のフラグ,1
レコード1341のフラグ,1
レコード1342のフラグ,1
レコード1343のフラグ,1
レコード1344のフラグ,1
レコード1345のフラグ,1
レコード1346のフラグ,1
レコード1347のフラグ,1
レコード1348のフラグ,1
レコード1349のフラグ,1
レコード1350のフラグ,1
レコード1351のフラグ,1
レコード1352のフラグ,1
レコード1353のフラグ,1
レコード1354のフラグ,1
レコード1355のフラグ,1
レコード1356のフラグ,1
レコード1357のフラグ,1
レコード1358のフラグ,1
レコード1359のフラグ,1
レコード1360のフラグ,1
レコード1361のフラグ,1
レコード1362のフラグ,1
レコード1363のフラグ,1
レコード1364のフラグ,1
レコード1365のフラグ,1
レコード1366のフラグ,1
レコード1367のフラグ,1
レコード1368のフラグ,1
レコード1369のフラグ,1
レコード1370のフラグ,1
レコード1371のフラグ,1
レコード1372のフラグ,1
レコード1373のフラグ,1
レコード1374のフラグ,1
レコード1375のフラグ,1
レコード1376のフラグ,1
レコード1377のフラグ,1
レコード1378のフラグ,1
レコード1379のフラグ,1
レコード1380のフラグ,1
レコード1381のフラグ,1
レコード1382のフラグ,1
レコード1383のフラグ,1
レコード1384のフラグ,1
レコード1385のフラグ,1
レコード1386のフラグ,1
レコード1387のフラグ,1
レコード1388のフラグ,1
レコード1389のフラグ,1
レコード1390のフラグ,1
レコード1391のフラグ,1
レコード1392のフラグ,1
レコード1393のフラグ,1
レコード1394のフラグ,1
レコード1395のフラグ,1
レコード1396のフラグ,1
レコード1397のフラグ,1
レコード1398のフラグ,1
レコード1399のフラグ,1
レコード1400のフラグ,1
レコード1401のフラグ,1
レコード1402のフラグ,1
レコード1403のフラグ,1
レコード1404のフラグ,1
レコード1405のフラグ,1
レコード1406のフラグ,1
レコード1407のフラグ,1
レコード1408のフラグ,1
レコード1409のフラグ,1
レコード1410のフラグ,1
レコード1411のフラグ,1
レコード1412のフラグ,1
レコード1413のフラグ,1
レコード1414のフラグ,1
レコード1415のフラグ,1
レコード1416のフラグ,1
レコード1417のフラグ,1
レコード1418のフラグ,1
レコード1419のフラグ,1
レコード1420のフラグ,1
レコード1421のフラグ,1
レコード1422のフラグ,1
レコード1423のフラグ,1
レコード1424のフラグ,1
レコード1425のフラグ,1
レコード1426のフラグ,1
レコード1427のフラグ,1
レコード1428のフラグ,1
レコード1429のフラグ,1
レコード1430のフラグ,1
レコード1431のフラグ,1
レコード1432のフラグ,1
レコード1433のフラグ,1
レコード1434のフラグ,1
レコード1435のフラグ,1
レコード1436のフラグ,1
レコード1437のフラグ,1
レコード1438のフラグ,1
レコード1439のフラグ,1
レコード1440のフラグ,1
レコード1441のフラグ,1
レコード1442のフラグ,1
レコード1443のフラグ,1
レコード1444のフラグ,1
レコード1445のフラグ,1
レコード1446のフラグ,1
レコード1447のフラグ,1
レコード1448のフラグ,1
レコード1449のフラグ,1
レコード1450のフラグ,1
レコード1451のフラグ,1
レコード1452のフラグ,1
レコード1453のフラグ,1
レコード1454のフラグ,1
レコード1455のフラグ,1
レコード1456のフラグ,1
レコード1457のフラグ,1
レコード1458のフラグ,1
レコード1459のフラグ,1
レコード1460のフラグ,1
レコード1461のフラグ,1
レコード1462のフラグ,1
レコード1463のフラグ,1
レコード1464のフラグ,1
レコード1465のフラグ,1
レコード1466のフラグ,1
レコード1467のフラグ,1
レコード1468のフラグ,1
レコード1469のフラグ,1
レコード1470のフラグ,1
レコード1471のフラグ,1
レコード1472のフラグ,1
レコード1473のフラグ,1
レコード1474のフラグ,1
レコード1475のフラグ,1
レコード1476のフラグ,1
レコード1477のフラグ,1
レコード1478のフラグ,1
レコード1479のフラグ,1
レコード1480のフラグ,1
レコード1481のフラグ,1
レコード1482のフラグ,1
レコード1483のフラグ,1
レコード1484のフラグ,1
レコード1485のフラグ,1
レコード1486のフラグ,1
レコード1487のフラグ,1
レコード1488のフラグ,1
レコード1489のフラグ,1
レコード1490のフラグ,1
レコード1491のフラグ,1
レコード1492のフラグ,1
レコード1493のフラグ,1
レコード1494のフラグ,1
レコード1495のフラグ,1
レコード1496のフラグ,1
レコード1497のフラグ,1
レコード1498のフラグ,1
レコード1499のフラグ,1
レコード1500のフラグ,1
